id,first_name,last_name
0,Timothy,Bowers
1,Richard,Tucker
2,Katherine,Stuart
3,Brandi,Mills
4,Antonio,Hoffman
5,Barbara,Davis
6,Erica,Poole
7,Craig,Jimenez
8,Ricky,Jefferson
9,Cynthia,Strickland
10,Brett,Bowen
11,Joel,Daniels
12,David,Kaufman
13,Dylan,Castaneda
14,Lori,Zamora
15,Laurie,Riley
16,Michael,Ponce
17,Yolanda,Phillips
18,Angelica,Bell
19,Tina,Roberson
20,Ashley,Khan
21,David,Smith
22,Jeremy,Shelton
23,Krystal,Duncan
24,Sonya,Chambers
25,Aaron,Michael
26,Lisa,Austin
27,Michele,Munoz
28,Marc,Sanchez
29,Lindsay,Soto
30,Gregory,Murray
31,Shannon,Coleman
32,Rachel,Cohen
33,Kevin,Ho
34,Charles,Brown
35,Lisa,Holder
36,Lori,Mcclure
37,Melissa,Benton
38,Sara,Cole
39,Joshua,Camacho
40,Richard,Serrano
41,Timothy,Welch
42,Paul,Gilbert
43,Mary,Roman
44,Harold,Malone
45,Anna,Sanders
46,Jeffrey,Cobb
47,Lindsay,Bright
48,Cynthia,Mitchell
49,Robert,Collier
50,Wendy,Smith
51,Olivia,Estrada
52,Tiffany,Harris
53,Anne,Adams
54,Kenneth,Cain
55,Michael,Alvarado
56,David,Powell
57,Christina,Silva
58,Debbie,Carey
59,Heather,Jackson
60,Annette,Cowan
61,Elizabeth,York
62,Christine,Cortez
63,David,Long
64,Wendy,Nichols
65,Melissa,Campbell
66,Douglas,Sheppard
67,John,Williams
68,Kenneth,Kane
69,Jamie,Foster
70,Lynn,Francis
71,Bradley,Johnson
72,Emily,Orozco
73,Bradley,Knight
74,Richard,Davis
75,Daniel,Hernandez
76,Rachel,Flores
77,Melissa,Payne
78,Justin,Rivera
79,Julie,Owen
80,Kimberly,Johnson
81,Stephen,Ware
82,Cole,Anderson
83,Katie,Perez
84,Nicole,Hughes
85,Tina,Rogers
86,Benjamin,Scott
87,James,Johnson
88,Cody,Simpson
89,Jeremy,Smith
90,Robert,King
91,Ryan,Page
92,Samantha,Henry
93,Pam,Garcia
94,Michelle,Pace
95,James,Bartlett
96,Kelly,Mcdaniel
97,Keith,Anderson
98,Pedro,Ramirez
99,Eric,Cunningham
100,Russell,Young
101,Tom,Lowery
102,Alvin,Gomez
103,Mary,Griffith
104,Robert,Ayala
105,Aaron,Austin
106,Kevin,Carr
107,Joseph,Bush
108,John,David
109,Jessica,Lucas
110,Aaron,Hughes
111,Erica,Baker
112,Francisco,Hamilton
113,Joseph,Bonilla
114,Dana,Young
115,Jose,Hill
116,Timothy,Oliver
117,Sherry,Johnson
118,Michael,James
119,Jacob,Ball
120,Stacey,Wilson
121,Ryan,Duffy
122,Sarah,Cobb
123,Russell,Sullivan
124,Brian,Hendrix
125,Lauren,Hall
126,Andrew,Daniels
127,William,James
128,Angela,Ramos
129,Holly,Robinson
130,Michael,Moore
131,Nicholas,Martinez
132,Sharon,Davis
133,Michael,Ball
134,Seth,Harrell
135,Emily,Woods
136,Jessica,Lee
137,Jason,Khan
138,Bobby,Leblanc
139,Joshua,Shelton
140,Anthony,Palmer
141,Jason,Adams
142,Yvonne,Caldwell
143,Jacob,Reeves
144,Tara,Craig
145,Courtney,Luna
146,Laura,Anderson
147,Tonya,Ellis
148,Diane,Davis
149,Claudia,Boone
